{"0": {"time": 1.8646791202540882, "count": 81}, "1": {"time": 4.233626594282105, "count": 104}, "2": {"time": 2.978246701439825, "count": 83}, "3": {"time": 4.803431107293719, "count": 60}, "4": {"time": 2.623874237676082, "count": 58}, "5": {"time": 5.025213946592963, "count": 97}, "6": {"time": 2.558343888753992, "count": 70}, "7": {"time": 2.355389933385123, "count": 45}, "8": {"time": 1.9069659973605042, "count": 70}, "9": {"time": 3.393379425339511, "count": 86}}